# Default Netlify subdomain to primary domain
http://anandchowdhary.netlify.com/* https://anandchowdhary.com/:splat 301!

# Primary domain versions
http://anandchowdhary.com/ https://anandchowdhary.com/
http://www.anandchowdhary.com/ https://anandchowdhary.com/
https://www.anandchowdhary.com/ https://anandchowdhary.com/

# Coffee Time redirects
/blog/google-docs-github/ /blog/coffee-time/google-docs-github/
/blog/twitter-subaccounts/ /blog/coffee-time/twitter-subaccounts/

# New open-source project pages
/open-source/staart/ /projects/open-source/staart/
/open-source/uppload/ /projects/open-source/uppload/

# Legacy open-source category pages
/open-source/ /projects/open-source/
/open-source/hello-bar/ https://github.com/AnandChowdhary/hello-bar
/open-source/hovercard/ https://github.com/AnandChowdhary/hovercard
/open-source/precis/ https://github.com/AnandChowdhary/precis
/open-source/one-grid/ https://github.com/AnandChowdhary/one-grid
/open-source/essential.css/ https://github.com/AnandChowdhary/essential.css
/open-source/aptitude/ https://github.com/AnandChowdhary/aptitude
/open-source/ac.js/ https://github.com/AnandChowdhary/ac.js

# Blog tags
/tags/coffee-time/ /blog/cofee-time/
/tags/design/ /blog/design/

# Cities
/places/eindhoven/ /life/travel/eindhoven/
/places/enschede/ /life/travel/enschede/
/places/gurugram/ /life/travel/gurugram/
/places/heerlen/ /life/travel/heerlen/
/places/kanpur/ /life/travel/kanpur/
/places/kuala-lumpur/ /life/travel/kuala-lumpur/
/places/london/ /life/travel/london/
/places/new-delhi/ /life/travel/new-delhi/
/places/paris/ /life/travel/paris/
/places/ /life/travel/
/places/san-francisco/ /life/travel/sf-bay-area/
/places/santa-clara/ /life/travel/santa-clara/

# Roles
/roles/exhibition/ /events/roles/exhibition/
/roles/panelist/ /events/roles/panelist/
/roles/ /events/roles/
/roles/speaker/ /events/roles/speaker/
/roles/trainer/ /events/roles/trainer/

# Project categories
/work/app/ /projects/app/
/work/artificial-intelligence/ /projects/ai/
/work/branding/ /projects/branding/
/work/internet-of-things/ /projects/iot/
/work/startup/ /projects/startup/
/work/web/ /projects/web/
/work/ /projects/
